{"cameraMode":{"drawMode":0,"name":"Shaded","section":"Shading Mode"},"sceneLighting":false,"audioPlay":false,"sceneViewState":{"m_AlwaysRefresh":false,"showFog":true,"showSkybox":true,"showFlares":true,"showImageEffects":true,"showParticleSystems":true,"showVisualEffectGraphs":true,"m_FxEnabled":true},"in2DMode":false,"pivot":{"x":38.836002349853519,"y":-2.684274435043335,"z":-228.88458251953126},"rotation":{"x":0.04766274616122246,"y":0.020073357969522477,"z":0.0009583179489709437,"w":-0.9986640214920044},"size":12.461819648742676,"orthographic":false}